candidate_id,rank,score,reasoning
CAND_0064326,1,91.298478,"Search Engineer at Sarvam AI with 7.6 years of experience: Strong evidence in Learning-to-Rank and Reranking, specifically: 'Trained and shipped multiple ranking models for our product's discovery feed ...'. Also demonstrates capabilities in Retrieval Systems."
CAND_0086022,2,87.865506,"Senior Applied Scientist at Sarvam AI with 5.3 years of experience: Strong evidence in Learning-to-Rank and Reranking, specifically: 'the top-50, falling back to a learning-to-rank model when latency budget was ...'. Also demonstrates capabilities in Retrieval Systems. Note: Located in Kolkata, West Bengal, outside the JD's preferred cities (Pune/Noida/Delhi NCR/Hyderabad/Mumbai)."
CAND_0018499,3,87.225288,"Senior Machine Learning Engineer at Zomato with 7.2 years of experience: Strong evidence in Learning-to-Rank and Reranking, specifically: 'the top-50, falling back to a learning-to-rank model when latency budget was ...'. Also demonstrates capabilities in Retrieval Systems."
CAND_0046064,4,79.059266,"Senior NLP Engineer at Salesforce with 8.9 years of experience: Strong evidence in Learning-to-Rank and Reranking, specifically: 'the top-50, falling back to a learning-to-rank model when latency budget was ...'. Also demonstrates capabilities in Retrieval Systems. Note: Located in Coimbatore, Tamil Nadu, outside the JD's preferred cities (Pune/Noida/Delhi NCR/Hyderabad/Mumbai)."
CAND_0081846,5,73.891475,"Lead AI Engineer at Razorpay with 6.7 years of experience: Strong evidence in Learning-to-Rank and Reranking, specifically: 'the top-50, falling back to a learning-to-rank model when latency budget was ...'. Also demonstrates capabilities in Retrieval Systems. Note: Located in Jaipur, Rajasthan, outside the JD's preferred cities (Pune/Noida/Delhi NCR/Hyderabad/Mumbai)."
CAND_0077337,6,71.569389,"Staff Machine Learning Engineer at Paytm with 7.0 years of experience: Strong evidence in Learning-to-Rank and Reranking, specifically: 'uilt and shipped a production recommendation system at a marketplace product,...'. Also demonstrates capabilities in Retrieval Systems. Note: Located in Kochi, Kerala, outside the JD's preferred cities (Pune/Noida/Delhi NCR/Hyderabad/Mumbai)."
CAND_0068811,7,70.458732,"Applied ML Engineer at Freshworks with 8.0 years of experience: Profile-text evidence in Retrieval Systems: 'OpenAI embeddings, storing in Pinecone) and the answer-generation layer (init...'. Also demonstrates capabilities in Vector Search Infrastructure."
CAND_0005538,8,67.949646,"Senior AI Engineer at Adobe with 5.9 years of experience: Strong evidence in Retrieval Systems, specifically: 'sential parts: index refresh, query understanding, ranking calibration, and t...'. Also demonstrates capabilities in Learning-to-Rank and Reranking. Note: No explicit ranking-evaluation metric evidence surfaced; this is the main technical gap. Located in Kolkata, West Bengal, outside the JD's preferred cities (Pune/Noida/Delhi NCR/Hyderabad/Mumbai)."
CAND_0080766,9,67.474418,"Staff Machine Learning Engineer at Salesforce with 8.8 years of experience: Strong evidence in Learning-to-Rank and Reranking, specifically: 'Shipped the personalization infrastructure: the system that learns from'. Also demonstrates capabilities in Retrieval Systems. Note: Located in Coimbatore, Tamil Nadu, outside the JD's preferred cities (Pune/Noida/Delhi NCR/Hyderabad/Mumbai)."
CAND_0071974,10,66.935731,"Senior AI Engineer at Netflix with 7.8 years of experience: Strong evidence in Learning-to-Rank and Reranking, specifically: 'uilt and shipped a production recommendation system at a marketplace product,...'. Also demonstrates capabilities in LLM Integration & RAG. Note: No explicit ranking-evaluation metric evidence surfaced; this is the main technical gap. Located in Vizag, Andhra Pradesh, outside the JD's preferred cities (Pune/Noida/Delhi NCR/Hyderabad/Mumbai)."
CAND_0079387,11,66.081047,"AI Engineer at Microsoft with 6.9 years of experience: Profile-text evidence in Retrieval Systems: 'over the prior Elasticsearch BM25 setup, validated through human relevance ju...'. Also demonstrates capabilities in Learning-to-Rank and Reranking. Note: No explicit ranking-evaluation metric evidence surfaced; this is the main technical gap. Located in Trivandrum, Kerala, outside the JD's preferred cities (Pune/Noida/Delhi NCR/Hyderabad/Mumbai)."
CAND_0041669,12,64.517367,"Recommendation Systems Engineer at CRED with 8.0 years of experience: Profile-text evidence in Retrieval Systems: 'OpenAI embeddings, storing in Pinecone) and the answer-generation layer (init...'. Also demonstrates capabilities in Vector Search Infrastructure."
CAND_0037980,13,61.549504,"Senior Applied Scientist at Niramai with 9.0 years of experience: Strong evidence in Learning-to-Rank and Reranking, specifically: 'oughly 14 months. Shipped the personalization infrastructure: the system that...'. Also demonstrates capabilities in Evaluation Metrics. Note: Located in Kolkata, West Bengal, outside the JD's preferred cities (Pune/Noida/Delhi NCR/Hyderabad/Mumbai)."
CAND_0028793,14,60.224235,"Search Engineer at Google with 7.2 years of experience: Strong evidence in Learning-to-Rank and Reranking, specifically: 'Trained and shipped multiple ranking models for our product's discovery feed ...'. Also demonstrates capabilities in Retrieval Systems. Note: No explicit ranking-evaluation metric evidence surfaced; this is the main technical gap. Located in Trivandrum, Kerala, outside the JD's preferred cities (Pune/Noida/Delhi NCR/Hyderabad/Mumbai)."
CAND_0030468,15,60.049291,"Senior Applied Scientist at Swiggy with 5.4 years of experience: Strong evidence in Retrieval Systems, specifically: 'sential parts: index refresh, query understanding, ranking calibration, and t...'. Also demonstrates capabilities in Learning-to-Rank and Reranking. Note: Located in Indore, Madhya Pradesh, outside the JD's preferred cities (Pune/Noida/Delhi NCR/Hyderabad/Mumbai)."
CAND_0005649,16,59.657391,"Senior Data Scientist at Sarvam AI with 7.4 years of experience: Strong evidence in Learning-to-Rank and Reranking, specifically: 'Trained and shipped multiple ranking models for our product's discovery feed ...'. Also demonstrates capabilities in Retrieval Systems. Note: No explicit ranking-evaluation metric evidence surfaced; this is the main technical gap."
CAND_0058575,17,59.638076,"AI Engineer at Krutrim with 5.8 years of experience: Profile-text evidence in Retrieval Systems: 'over the prior Elasticsearch BM25 setup, validated through human relevance ju...'. Also demonstrates capabilities in Vector Search Infrastructure. Note: Located in Chennai, Tamil Nadu, outside the JD's preferred cities (Pune/Noida/Delhi NCR/Hyderabad/Mumbai)."
CAND_0006567,18,59.598491,"Senior AI Engineer at Meta with 7.9 years of experience: Strong evidence in Learning-to-Rank and Reranking, specifically: 'the hardest part. Shipped the personalization infrastructure: the system that...'. Also demonstrates capabilities in Evaluation Metrics."
CAND_0039383,19,58.806283,"Applied ML Engineer at Meesho with 7.1 years of experience: Strong evidence in Learning-to-Rank and Reranking, specifically: 'Trained and shipped multiple ranking models for our product's discovery feed ...'. Also demonstrates capabilities in Python Engineering. Note: No explicit ranking-evaluation metric evidence surfaced; this is the main technical gap."
CAND_0000031,20,57.54847,"Recommendation Systems Engineer at Swiggy with 6.0 years of experience: Strong evidence in Learning-to-Rank and Reranking, specifically: 'Trained and shipped multiple ranking models for our product's discovery feed ...'. Also demonstrates capabilities in Evaluation Metrics."
CAND_0064904,21,56.697194,AI Engineer at LinkedIn with 4.9 years of experience: Profile-text evidence in Retrieval Systems: 'ity (via sentence-transformer embeddings) for cold starts and a gradient-boos...'. Also demonstrates capabilities in Vector Search Infrastructure. Note: No explicit ranking-evaluation metric evidence surfaced; this is the main technical gap.
CAND_0094759,22,55.961843,"Lead AI Engineer at Meta with 8.6 years of experience: Strong evidence in Learning-to-Rank and Reranking, specifically: 'the top-50, falling back to a learning-to-rank model when latency budget was ...'. Also demonstrates capabilities in Retrieval Systems."
CAND_0044883,23,55.040727,"AI Engineer at Mad Street Den with 6.3 years of experience: Strong evidence in Learning-to-Rank and Reranking, specifically: 'Trained and shipped multiple ranking models for our product's discovery feed ...'. Also demonstrates capabilities in Retrieval Systems. Note: No explicit ranking-evaluation metric evidence surfaced; this is the main technical gap. Located outside India (Berlin) — case-by-case per JD."
CAND_0096142,24,54.640284,"Applied ML Engineer at upGrad with 5.0 years of experience: Strong evidence in Learning-to-Rank and Reranking, specifically: 'eling itself. Built a content recommendation system serving 10M+ users that c...'. Also demonstrates capabilities in Retrieval Systems. Note: No explicit ranking-evaluation metric evidence surfaced; this is the main technical gap."
CAND_0052328,25,52.920792,Recommendation Systems Engineer at Amazon with 6.5 years of experience: Profile-text evidence in LLM Integration & RAG: 'Implemented a RAG-based customer support chatbot integrated with our exist'. Also demonstrates capabilities in Retrieval Systems.
CAND_0070398,26,52.769823,"Machine Learning Engineer at Genpact AI with 7.2 years of experience: Strong evidence in Learning-to-Rank and Reranking, specifically: 'Trained and shipped multiple ranking models for our product's discovery feed ...'. Also demonstrates capabilities in Retrieval Systems. Note: No explicit ranking-evaluation metric evidence surfaced; this is the main technical gap. Located in Kochi, Kerala, outside the JD's preferred cities (Pune/Noida/Delhi NCR/Hyderabad/Mumbai)."
CAND_0033861,27,52.716985,"Senior NLP Engineer at Mad Street Den with 8.0 years of experience: Strong evidence in Learning-to-Rank and Reranking, specifically: 'uilt and shipped a production recommendation system at a marketplace product,...'. Also demonstrates capabilities in Retrieval Systems. Note: Located in Vizag, Andhra Pradesh, outside the JD's preferred cities (Pune/Noida/Delhi NCR/Hyderabad/Mumbai)."
CAND_0088025,28,52.596683,"Staff Machine Learning Engineer at Yellow.ai with 8.6 years of experience: Profile-text evidence in Retrieval Systems: 'Owned the end-to-end ranking pipeline at a recommendations-heavy consumer pro...'. Also demonstrates capabilities in Vector Search Infrastructure. Note: No explicit ranking-evaluation metric evidence surfaced; this is the main technical gap. Located in Jaipur, Rajasthan, outside the JD's preferred cities (Pune/Noida/Delhi NCR/Hyderabad/Mumbai)."
CAND_0042100,29,52.46517,"Machine Learning Engineer at Freshworks with 7.3 years of experience: Strong evidence in Learning-to-Rank and Reranking, specifically: 'Trained and shipped multiple ranking models for our product's discovery feed ...'. Also demonstrates capabilities in Evaluation Metrics. Note: Located outside India (Singapore) — case-by-case per JD."
CAND_0051292,30,52.407986,"Applied ML Engineer at Freshworks with 5.2 years of experience: Profile-text evidence in Retrieval Systems: 'over the prior Elasticsearch BM25 setup, validated through human relevance ju...'. Also demonstrates capabilities in Vector Search Infrastructure. Note: Located in Trivandrum, Kerala, outside the JD's preferred cities (Pune/Noida/Delhi NCR/Hyderabad/Mumbai)."
CAND_0032515,31,51.312757,"Machine Learning Engineer at PharmEasy with 5.1 years of experience: Strong evidence in Learning-to-Rank and Reranking, specifically: 'Trained and shipped multiple ranking models for our product's discovery feed ...'. Also demonstrates capabilities in Evaluation Metrics. Note: Located outside India (Seattle) — case-by-case per JD."
CAND_0030031,32,50.616125,"AI Engineer at Microsoft with 5.7 years of experience: Strong evidence in Learning-to-Rank and Reranking, specifically: 'Built a content recommendation system serving 10M+ users that combined colla'. Also demonstrates capabilities in Retrieval Systems. Note: No explicit ranking-evaluation metric evidence surfaced; this is the main technical gap. Located in Trivandrum, Kerala, outside the JD's preferred cities (Pune/Noida/Delhi NCR/Hyderabad/Mumbai)."
CAND_0084819,33,49.595232,"Search Engineer at Dream11 with 4.5 years of experience: Profile-text evidence in Retrieval Systems: 'OpenAI embeddings, storing in Pinecone) and the answer-generation layer (init...'. Also demonstrates capabilities in Vector Search Infrastructure. Note: Located in Indore, Madhya Pradesh, outside the JD's preferred cities (Pune/Noida/Delhi NCR/Hyderabad/Mumbai)."
CAND_0010257,34,49.553675,"Senior Data Scientist at Google with 6.5 years of experience: Strong evidence in Learning-to-Rank and Reranking, specifically: 'eling itself. Built a content recommendation system serving 10M+ users that c...'. Also demonstrates capabilities in Retrieval Systems. Note: No explicit ranking-evaluation metric evidence surfaced; this is the main technical gap."
CAND_0083879,35,49.384763,"Machine Learning Engineer at Ola with 7.1 years of experience: Strong evidence in Learning-to-Rank and Reranking, specifically: 'Trained and shipped multiple ranking models for our product's discovery feed ...'. Also demonstrates capabilities in Retrieval Systems."
CAND_0041610,36,49.369145,"Recommendation Systems Engineer at Zoho with 6.7 years of experience: Profile-text evidence in Retrieval Systems: 'OpenAI embeddings, storing in Pinecone) and the answer-generation layer (init...'. Also demonstrates capabilities in Vector Search Infrastructure. Note: Frequent title changes noted across recent roles. Located in Indore, Madhya Pradesh, outside the JD's preferred cities (Pune/Noida/Delhi NCR/Hyderabad/Mumbai)."
CAND_0006418,37,49.268066,"Machine Learning Engineer at Verloop.io with 5.7 years of experience: Strong evidence in Learning-to-Rank and Reranking, specifically: 'Trained and shipped multiple ranking models for our product's discovery feed ...'. Also demonstrates capabilities in Retrieval Systems."
CAND_0036863,38,48.631865,"Senior Data Scientist at upGrad with 4.3 years of experience: Profile-text evidence in Retrieval Systems: 'OpenAI embeddings, storing in Pinecone) and the answer-generation layer (init...'. Also demonstrates capabilities in Vector Search Infrastructure. Note: Located in Chennai, Tamil Nadu, outside the JD's preferred cities (Pune/Noida/Delhi NCR/Hyderabad/Mumbai)."
CAND_0069638,39,48.521391,"Computer Vision Engineer at Swiggy with 6.2 years of experience: Profile-text evidence in Learning-to-Rank and Reranking: 'uction. Used a combination of collaborative filtering (matrix factorization i...'. Also demonstrates capabilities in Python Engineering. Note: Located in Chennai, Tamil Nadu, outside the JD's preferred cities (Pune/Noida/Delhi NCR/Hyderabad/Mumbai)."
CAND_0042506,40,48.379546,"Search Engineer at Verloop.io with 4.2 years of experience: Profile-text evidence in Retrieval Systems: 'OpenAI embeddings, storing in Pinecone) and the answer-generation layer (init...'. Also demonstrates capabilities in Vector Search Infrastructure. Note: No explicit ranking-evaluation metric evidence surfaced; this is the main technical gap."
CAND_0007412,41,48.119242,"Applied ML Engineer at Zoho with 7.4 years of experience: Strong evidence in Learning-to-Rank and Reranking, specifically: 'Trained and shipped multiple ranking models for our product's discovery feed ...'. Also demonstrates capabilities in Retrieval Systems. Note: Frequent title changes noted across recent roles."
CAND_0005260,42,47.663912,"Senior NLP Engineer at Netflix with 5.2 years of experience: Strong evidence in Learning-to-Rank and Reranking, specifically: 'the top-50, falling back to a learning-to-rank model when latency budget was ...'. Also demonstrates capabilities in Retrieval Systems. Note: Located in Chennai, Tamil Nadu, outside the JD's preferred cities (Pune/Noida/Delhi NCR/Hyderabad/Mumbai)."
CAND_0046132,43,47.24587,AI Research Engineer at Verloop.io with 4.3 years of experience: Profile-text evidence in Learning-to-Rank and Reranking: 'uction. Used a combination of collaborative filtering (matrix factorization i...'. Also demonstrates capabilities in Retrieval Systems.
CAND_0068932,44,46.978298,ML Engineer at Krutrim with 5.2 years of experience: Profile-text evidence in Learning-to-Rank and Reranking: 'uction. Used a combination of collaborative filtering (matrix factorization i...'. Also demonstrates capabilities in Retrieval Systems.
CAND_0096104,45,46.917153,AI Specialist at Yellow.ai with 7.0 years of experience: Profile-text evidence in Learning-to-Rank and Reranking: 'uction. Used a combination of collaborative filtering (matrix factorization i...'. Also demonstrates capabilities in Retrieval Systems.
CAND_0060054,46,46.916856,"AI Engineer at Mad Street Den with 6.4 years of experience: Strong evidence in Learning-to-Rank and Reranking, specifically: 'ce judgments. Built a content recommendation system serving 10M+ users that c...'. Also demonstrates capabilities in Retrieval Systems. Note: No explicit ranking-evaluation metric evidence surfaced; this is the main technical gap. Located in Jaipur, Rajasthan, outside the JD's preferred cities (Pune/Noida/Delhi NCR/Hyderabad/Mumbai)."
CAND_0083307,47,46.889052,"Search Engineer at CRED with 7.8 years of experience: Profile-text evidence in Retrieval Systems: 'over the prior Elasticsearch BM25 setup, validated through human relevance ju...'. Also demonstrates capabilities in Vector Search Infrastructure. Note: Located in Vizag, Andhra Pradesh, outside the JD's preferred cities (Pune/Noida/Delhi NCR/Hyderabad/Mumbai)."
CAND_0081053,48,46.490413,"NLP Engineer at Glance with 5.4 years of experience: Profile-text evidence in Retrieval Systems: 'ity (via sentence-transformer embeddings) for cold starts and a gradient-boos...'. Also demonstrates capabilities in Vector Search Infrastructure. Note: No explicit ranking-evaluation metric evidence surfaced; this is the main technical gap. Located in Chandigarh, Chandigarh, outside the JD's preferred cities (Pune/Noida/Delhi NCR/Hyderabad/Mumbai)."
CAND_0070525,49,46.099498,Senior Software Engineer (ML) at Mad Street Den with 5.4 years of experience: Profile-text evidence in Learning-to-Rank and Reranking: 'uction. Used a combination of collaborative filtering (matrix factorization i...'. Also demonstrates capabilities in Python Engineering.
CAND_0069905,50,44.870591,"Applied ML Engineer at Sarvam AI with 6.6 years of experience: Profile-text evidence in LLM Integration & RAG: 'ance judgments. Implemented a RAG-based customer support chatbot integrated w...'. Also demonstrates capabilities in Retrieval Systems. Note: Located in Bhubaneswar, Odisha, outside the JD's preferred cities (Pune/Noida/Delhi NCR/Hyderabad/Mumbai)."
CAND_0077285,51,44.634677,"Recommendation Systems Engineer at Nykaa with 5.5 years of experience: Strong evidence in Learning-to-Rank and Reranking, specifically: 'Trained and shipped multiple ranking models for our product's discovery feed ...'. Behavioral signals: 60-day notice (buyout possible). Note: Frequent title changes noted across recent roles. No explicit ranking-evaluation metric evidence surfaced; this is the main technical gap. Located in Ahmedabad, Gujarat, outside the JD's preferred cities (Pune/Noida/Delhi NCR/Hyderabad/Mumbai)."
CAND_0053605,52,44.102446,Senior Software Engineer (ML) at Verloop.io with 6.9 years of experience: Profile-text evidence in Learning-to-Rank and Reranking: 'uction. Used a combination of collaborative filtering (matrix factorization i...'. Behavioral signals: strong recruiter response rate (88%); 30-day notice.
CAND_0060340,53,43.884156,"Computer Vision Engineer at Wysa with 6.1 years of experience: Profile-text evidence in Learning-to-Rank and Reranking: 'uction. Used a combination of collaborative filtering (matrix factorization i...'. Behavioral signals: 45-day notice (buyout possible). Note: Located in Coimbatore, Tamil Nadu, outside the JD's preferred cities (Pune/Noida/Delhi NCR/Hyderabad/Mumbai)."
CAND_0004402,54,42.354103,AI Research Engineer at Yellow.ai with 6.0 years of experience: Profile-text evidence in Python Engineering: 'mage moderation feature using PyTorch — fine-tuned ResNet variants on a label...'. Behavioral signals: strong recruiter response rate (83%); 60-day notice (buyout possible).
CAND_0015967,55,42.212598,Senior Software Engineer (ML) at Razorpay with 5.4 years of experience: Profile-text evidence in Learning-to-Rank and Reranking: 'uction. Used a combination of collaborative filtering (matrix factorization i...'. Behavioral signals: 30-day notice. Note: Frequent title changes noted across recent roles.
CAND_0060257,56,42.186339,AI Specialist at Paytm with 5.8 years of experience: Profile-text evidence in Learning-to-Rank and Reranking: 'uction. Used a combination of collaborative filtering (matrix factorization i...'. Behavioral signals: 60-day notice (buyout possible).
CAND_0052682,57,42.182098,"NLP Engineer at Aganitha with 6.6 years of experience: Profile-text evidence in Retrieval Systems: 'OpenAI embeddings, storing in Pinecone) and the answer-generation layer (init...'. Behavioral signals: strong recruiter response rate (88%); 30-day notice. Note: No explicit ranking-evaluation metric evidence surfaced; this is the main technical gap. Located in Vizag, Andhra Pradesh, outside the JD's preferred cities (Pune/Noida/Delhi NCR/Hyderabad/Mumbai)."
CAND_0045862,58,42.068951,"AI Specialist at Yellow.ai with 6.7 years of experience: Profile-text evidence in Learning-to-Rank and Reranking: 'uction. Used a combination of collaborative filtering (matrix factorization i...'. Behavioral signals: 90-day notice (significant barrier). Note: Located in Jaipur, Rajasthan, outside the JD's preferred cities (Pune/Noida/Delhi NCR/Hyderabad/Mumbai)."
CAND_0095528,59,41.997643,"Senior Data Scientist at Netflix with 5.3 years of experience: Profile-text evidence in Retrieval Systems: 'ity (via sentence-transformer embeddings) for cold starts and a gradient-boos...'. Behavioral signals: 45-day notice (buyout possible). Note: No explicit ranking-evaluation metric evidence surfaced; this is the main technical gap. Located in Indore, Madhya Pradesh, outside the JD's preferred cities (Pune/Noida/Delhi NCR/Hyderabad/Mumbai)."
CAND_0073883,60,41.916379,"AI Specialist at Krutrim with 5.3 years of experience: Profile-text evidence in Learning-to-Rank and Reranking: 'uction. Used a combination of collaborative filtering (matrix factorization i...'. Behavioral signals: strong recruiter response rate (92%); 90-day notice (significant barrier). Note: Located in Chandigarh, Chandigarh, outside the JD's preferred cities (Pune/Noida/Delhi NCR/Hyderabad/Mumbai)."
CAND_0060835,61,41.707974,"Senior Software Engineer (ML) at Sarvam AI with 6.6 years of experience: Profile-text evidence in Learning-to-Rank and Reranking: 'uction. Used a combination of collaborative filtering (matrix factorization i...'. Behavioral signals: low recruiter response rate (32%); 90-day notice (significant barrier). Note: Located in Bangalore, Karnataka, outside the JD's preferred cities (Pune/Noida/Delhi NCR/Hyderabad/Mumbai)."
CAND_0014063,62,41.632997,"AI Specialist at Sarvam AI with 5.4 years of experience: Profile-text evidence in Learning-to-Rank and Reranking: 'uction. Used a combination of collaborative filtering (matrix factorization i...'. Behavioral signals: 45-day notice (buyout possible). Note: Located in Vizag, Andhra Pradesh, outside the JD's preferred cities (Pune/Noida/Delhi NCR/Hyderabad/Mumbai)."
CAND_0025882,63,41.472469,"Senior Software Engineer (ML) at Freshworks with 5.6 years of experience: Profile-text evidence in Learning-to-Rank and Reranking: 'uction. Used a combination of collaborative filtering (matrix factorization i...'. Behavioral signals: strong recruiter response rate (79%); 45-day notice (buyout possible). Note: Located in Chennai, Tamil Nadu, outside the JD's preferred cities (Pune/Noida/Delhi NCR/Hyderabad/Mumbai)."
CAND_0008517,64,41.395639,AI Research Engineer at Locobuzz with 5.6 years of experience: Profile-text evidence in Learning-to-Rank and Reranking: 'uction. Used a combination of collaborative filtering (matrix factorization i...'. Behavioral signals: strong recruiter response rate (80%); 120-day notice (significant barrier).
CAND_0005509,65,41.22389,Data Scientist at Ola with 6.0 years of experience: Profile-text evidence in Learning-to-Rank and Reranking: 'uction. Used a combination of collaborative filtering (matrix factorization i...'. Behavioral signals: 30-day notice.
CAND_0037160,66,41.186023,Data Scientist at Haptik with 6.0 years of experience: Profile-text evidence in Learning-to-Rank and Reranking: 'uction. Used a combination of collaborative filtering (matrix factorization i...'. Behavioral signals: 30-day notice.
CAND_0009837,67,41.083676,"Senior Data Scientist at Rephrase.ai with 4.3 years of experience: Strong evidence in Learning-to-Rank and Reranking, specifically: 'Trained and shipped multiple ranking models for our product's discovery feed ...'. Behavioral signals: 60-day notice (buyout possible)."
CAND_0021827,68,41.069558,"AI Research Engineer at Unacademy with 4.4 years of experience: Profile-text evidence in Learning-to-Rank and Reranking: 'uction. Used a combination of collaborative filtering (matrix factorization i...'. Behavioral signals: low recruiter response rate (36%); 90-day notice (significant barrier). Note: Located in Kochi, Kerala, outside the JD's preferred cities (Pune/Noida/Delhi NCR/Hyderabad/Mumbai)."
CAND_0063328,69,41.044597,Computer Vision Engineer at Ola with 4.6 years of experience: Profile-text evidence in Learning-to-Rank and Reranking: 'uction. Used a combination of collaborative filtering (matrix factorization i...'. Behavioral signals: low recruiter response rate (32%); 45-day notice (buyout possible).
CAND_0049217,70,41.028976,Computer Vision Engineer at upGrad with 6.0 years of experience: Profile-text evidence in Python Engineering: 'der classes. Comfortable with PyTorch and Hugging Face but most of my trainin...'. Behavioral signals: strong recruiter response rate (87%); 90-day notice (significant barrier).
CAND_0061175,71,40.945658,AI Research Engineer at Haptik with 6.7 years of experience: Profile-text evidence in Learning-to-Rank and Reranking: 'uction. Used a combination of collaborative filtering (matrix factorization i...'. Behavioral signals: 120-day notice (significant barrier). Note: No evidence of LLM Integration & RAG; overall evidence density is lower than top-tier candidates.
CAND_0016659,72,40.88878,"ML Engineer at Glance with 4.4 years of experience: Profile-text evidence in Learning-to-Rank and Reranking: 'uction. Used a combination of collaborative filtering (matrix factorization i...'. Behavioral signals: strong recruiter response rate (89%); 45-day notice (buyout possible). Note: Located in Coimbatore, Tamil Nadu, outside the JD's preferred cities (Pune/Noida/Delhi NCR/Hyderabad/Mumbai)."
CAND_0040887,73,40.57505,"Machine Learning Engineer at Netflix with 4.7 years of experience: Profile-text evidence in Retrieval Systems: 'over the prior Elasticsearch BM25 setup, validated through human relevance ju...'. Behavioral signals: strong recruiter response rate (84%); 15-day notice. Note: Located outside India (Toronto) — case-by-case per JD."
CAND_0058426,74,40.558651,"Data Scientist at Wysa with 6.5 years of experience: Profile-text evidence in Python Engineering: 'fetime value estimation. Used scikit-learn and XGBoost; main models were grad...'. Behavioral signals: 45-day notice (buyout possible). Note: Located in Bangalore, Karnataka, outside the JD's preferred cities (Pune/Noida/Delhi NCR/Hyderabad/Mumbai)."
CAND_0091580,75,40.306121,Data Scientist at Niramai with 5.5 years of experience: Profile-text evidence in Learning-to-Rank and Reranking: 'uction. Used a combination of collaborative filtering (matrix factorization i...'. Behavioral signals: low recruiter response rate (25%); 60-day notice (buyout possible). Note: No evidence of Evaluation Metrics; overall evidence density is lower than top-tier candidates.
CAND_0080372,76,39.918237,Computer Vision Engineer at Zoho with 5.2 years of experience: Profile-text evidence in Learning-to-Rank and Reranking: 'uction. Used a combination of collaborative filtering (matrix factorization i...'. Behavioral signals: 90-day notice (significant barrier). Note: No evidence of LLM Integration & RAG; overall evidence density is lower than top-tier candidates.
CAND_0073504,77,39.710236,Junior ML Engineer at PolicyBazaar with 6.6 years of experience: Profile-text evidence in Learning-to-Rank and Reranking: 'uction. Used a combination of collaborative filtering (matrix factorization i...'. Behavioral signals: strong recruiter response rate (78%); 60-day notice (buyout possible). Note: No evidence of Evaluation Metrics; overall evidence density is lower than top-tier candidates.
CAND_0013613,78,39.700715,"Machine Learning Engineer at Adobe with 4.7 years of experience: Strong evidence in Learning-to-Rank and Reranking, specifically: 'eling itself. Built a content recommendation system serving 10M+ users that c...'. Behavioral signals: 60-day notice (buyout possible). Note: Frequent title changes noted across recent roles. No explicit ranking-evaluation metric evidence surfaced; this is the main technical gap. Located outside India (Singapore) — case-by-case per JD."
CAND_0098952,79,39.608892,AI Research Engineer at CRED with 5.5 years of experience: Profile-text evidence in Learning-to-Rank and Reranking: 'uction. Used a combination of collaborative filtering (matrix factorization i...'. Behavioral signals: 45-day notice (buyout possible). Note: No evidence of Evaluation Metrics; overall evidence density is lower than top-tier candidates.
CAND_0054829,80,39.279398,Computer Vision Engineer at BYJU'S with 5.7 years of experience: Profile-text evidence in Learning-to-Rank and Reranking: 'uction. Used a combination of collaborative filtering (matrix factorization i...'. Behavioral signals: strong recruiter response rate (75%); 45-day notice (buyout possible). Note: No evidence of Evaluation Metrics; overall evidence density is lower than top-tier candidates.
CAND_0016170,81,39.22967,AI Research Engineer at Dream11 with 6.8 years of experience: Profile-text evidence in Learning-to-Rank and Reranking: 'uction. Used a combination of collaborative filtering (matrix factorization i...'. Behavioral signals: 90-day notice (significant barrier). Note: Located outside India (Sydney) — case-by-case per JD.
CAND_0020708,82,39.074575,"Search Engineer at PolicyBazaar with 4.2 years of experience: Profile-text evidence in Retrieval Systems: 'over the prior Elasticsearch BM25 setup, validated through human relevance ju...'. Behavioral signals: strong recruiter response rate (84%); 30-day notice. Note: Located in Indore, Madhya Pradesh, outside the JD's preferred cities (Pune/Noida/Delhi NCR/Hyderabad/Mumbai)."
CAND_0039838,83,38.940854,"Recommendation Systems Engineer at Amazon with 4.9 years of experience: Strong evidence in Learning-to-Rank and Reranking, specifically: 'Trained and shipped multiple ranking models for our product's discovery feed ...'. Behavioral signals: strong recruiter response rate (80%); 90-day notice (significant barrier). Note: Located in Kochi, Kerala, outside the JD's preferred cities (Pune/Noida/Delhi NCR/Hyderabad/Mumbai)."
CAND_0048558,84,38.901222,Data Scientist at Rephrase.ai with 6.7 years of experience: Profile-text evidence in Learning-to-Rank and Reranking: 'uction. Used a combination of collaborative filtering (matrix factorization i...'. Behavioral signals: strong recruiter response rate (80%); 30-day notice. Note: No evidence of LLM Integration & RAG; overall evidence density is lower than top-tier candidates.
CAND_0084283,85,38.893145,Junior ML Engineer at Sarvam AI with 3.6 years of experience: Profile-text evidence in Learning-to-Rank and Reranking: 'uction. Used a combination of collaborative filtering (matrix factorization i...'. Behavioral signals: strong recruiter response rate (86%); 30-day notice. Note: No evidence of Evaluation Metrics; overall evidence density is lower than top-tier candidates.
CAND_0007411,86,38.827004,"Senior Machine Learning Engineer at Amazon with 8.0 years of experience: Profile-text evidence in Retrieval Systems: 'Owned the end-to-end ranking pipeline at a recommendations-heavy consumer pro...'. Behavioral signals: low recruiter response rate (12%); 15-day notice. Note: No explicit ranking-evaluation metric evidence surfaced; this is the main technical gap. Located in Kochi, Kerala, outside the JD's preferred cities (Pune/Noida/Delhi NCR/Hyderabad/Mumbai)."
CAND_0079064,87,38.771128,"Senior Data Scientist at Niramai with 5.2 years of experience: Profile-text evidence in Retrieval Systems: 'over the prior Elasticsearch BM25 setup, validated through human relevance ju...'. Behavioral signals: strong recruiter response rate (91%); 120-day notice (significant barrier). Note: No evidence of Evaluation Metrics; overall evidence density is lower than top-tier candidates."
CAND_0078042,88,38.757431,"Applied ML Engineer at PolicyBazaar with 4.7 years of experience: Strong evidence in Learning-to-Rank and Reranking, specifically: 'Trained and shipped multiple ranking models for our product's discovery feed ...'. Behavioral signals: strong recruiter response rate (91%); 30-day notice. Note: Located outside India (Dubai) — case-by-case per JD."
CAND_0035879,89,38.636619,AI Research Engineer at Krutrim with 4.5 years of experience: Profile-text evidence in Learning-to-Rank and Reranking: 'uction. Used a combination of collaborative filtering (matrix factorization i...'. Behavioral signals: strong recruiter response rate (82%); 120-day notice (significant barrier). Note: No evidence of LLM Integration & RAG; overall evidence density is lower than top-tier candidates.
CAND_0064130,90,38.27266,"AI Research Engineer at Unacademy with 6.7 years of experience: Profile-text evidence in Learning-to-Rank and Reranking: 'uction. Used a combination of collaborative filtering (matrix factorization i...'. Behavioral signals: 45-day notice (buyout possible). Note: Located in Chennai, Tamil Nadu, outside the JD's preferred cities (Pune/Noida/Delhi NCR/Hyderabad/Mumbai)."
CAND_0032089,91,38.005306,"ML Engineer at Saarthi.ai with 6.6 years of experience: Profile-text evidence in Python Engineering: 'fetime value estimation. Used scikit-learn and XGBoost; main models were grad...'. Behavioral signals: 45-day notice (buyout possible). Note: Located in Trivandrum, Kerala, outside the JD's preferred cities (Pune/Noida/Delhi NCR/Hyderabad/Mumbai)."
CAND_0057701,92,38.004105,"Recommendation Systems Engineer at Verloop.io with 4.1 years of experience: Strong evidence in Learning-to-Rank and Reranking, specifically: 'Trained and shipped multiple ranking models for our product's discovery feed ...'. Behavioral signals: 120-day notice (significant barrier). Note: Located in Chandigarh, Chandigarh, outside the JD's preferred cities (Pune/Noida/Delhi NCR/Hyderabad/Mumbai)."
CAND_0010149,93,37.993364,"ML Engineer at Glance with 6.9 years of experience: Profile-text evidence in Learning-to-Rank and Reranking: 'uction. Used a combination of collaborative filtering (matrix factorization i...'. Behavioral signals: strong recruiter response rate (82%); 90-day notice (significant barrier). Note: Located in Bangalore, Karnataka, outside the JD's preferred cities (Pune/Noida/Delhi NCR/Hyderabad/Mumbai)."
CAND_0000273,94,37.758728,"ML Engineer at BYJU'S with 5.8 years of experience: Profile-text evidence in Learning-to-Rank and Reranking: 'uction. Used a combination of collaborative filtering (matrix factorization i...'. Behavioral signals: 60-day notice (buyout possible). Note: Located in Kolkata, West Bengal, outside the JD's preferred cities (Pune/Noida/Delhi NCR/Hyderabad/Mumbai)."
CAND_0073007,95,37.632612,"AI Specialist at Aganitha with 5.8 years of experience: Profile-text evidence in Learning-to-Rank and Reranking: 'uction. Used a combination of collaborative filtering (matrix factorization i...'. Behavioral signals: strong recruiter response rate (83%); 60-day notice (buyout possible). Note: Located in Bangalore, Karnataka, outside the JD's preferred cities (Pune/Noida/Delhi NCR/Hyderabad/Mumbai)."
CAND_0017178,96,37.518487,ML Engineer at Swiggy with 4.2 years of experience: Profile-text evidence in Learning-to-Rank and Reranking: 'uction. Used a combination of collaborative filtering (matrix factorization i...'. Behavioral signals: strong recruiter response rate (85%); 30-day notice. Note: No evidence of Evaluation Metrics; overall evidence density is lower than top-tier candidates.
CAND_0046278,97,37.509979,"Senior Software Engineer (ML) at Dream11 with 4.6 years of experience: Profile-text evidence in Learning-to-Rank and Reranking: 'uction. Used a combination of collaborative filtering (matrix factorization i...'. Behavioral signals: 60-day notice (buyout possible). Note: Located in Ahmedabad, Gujarat, outside the JD's preferred cities (Pune/Noida/Delhi NCR/Hyderabad/Mumbai)."
CAND_0094685,98,37.292623,AI Research Engineer at Krutrim with 3.5 years of experience: Profile-text evidence in Learning-to-Rank and Reranking: 'uction. Used a combination of collaborative filtering (matrix factorization i...'. Behavioral signals: 45-day notice (buyout possible). Note: No evidence of LLM Integration & RAG; overall evidence density is lower than top-tier candidates.
CAND_0027723,99,37.053825,"ML Engineer at Wysa with 4.2 years of experience: Profile-text evidence in Learning-to-Rank and Reranking: 'uction. Used a combination of collaborative filtering (matrix factorization i...'. Behavioral signals: low recruiter response rate (38%); 30-day notice. Note: Located in Ahmedabad, Gujarat, outside the JD's preferred cities (Pune/Noida/Delhi NCR/Hyderabad/Mumbai)."
CAND_0064331,100,37.046123,"Senior Software Engineer (ML) at Swiggy with 4.2 years of experience: Profile-text evidence in Learning-to-Rank and Reranking: 'uction. Used a combination of collaborative filtering (matrix factorization i...'. Behavioral signals: 30-day notice. Note: Located in Jaipur, Rajasthan, outside the JD's preferred cities (Pune/Noida/Delhi NCR/Hyderabad/Mumbai)."
